{
	"rangkagrid": [],
	"rangkaxyz": [],
	"rangkatitik": [],
	"rangkakotak": [],
	"rangkagedung0": [
		{
			"rangkagedung0": {
				"matlok": [
					-11.805170059204102,
					0,
					27.579763412475586,
					0,
					0,
					39.99999237060547,
					0,
					0,
					-64.35272979736328,
					0,
					-27.54530143737793,
					0,
					81.63819122314453,
					-0.3701353073120117,
					133.52496337890625,
					1
				],
				"mat2d": [
					[
						69.99999237060547,
						0,
						0,
						0,
						0,
						39.99999237060547,
						0,
						0,
						600,
						0,
						1,
						0
					],
					[
						30.000022888183594,
						0,
						0,
						0,
						0,
						39.99999237060547,
						0,
						0,
						600,
						0,
						1,
						0
					]
				]
			},
			"gedung0": {
				"matlok": [
					1,
					0,
					0,
					0,
					0,
					1,
					0,
					0,
					0,
					0,
					1,
					0,
					0,
					0,
					0,
					1
				]
			},
			"b0": {
				"matlok": [
					1,
					0,
					0,
					0,
					0,
					1,
					0,
					0,
					0,
					0,
					1,
					0,
					0,
					0,
					0,
					1
				]
			}
		},
		{
			"rangkagedung0": {
				"matlok": [
					37.15211486816406,
					0,
					70.8499526977539,
					0,
					0,
					109.9983139038086,
					0,
					0,
					-35.42498779296875,
					0,
					18.57605743408203,
					0,
					151.8202667236328,
					0.847773551940918,
					103.57994079589844,
					1
				],
				"mat2d": [
					[
						39.999996185302734,
						0,
						0,
						0,
						0,
						109.9983139038086,
						0,
						0,
						200,
						0,
						1,
						0
					],
					[
						79.99996948242188,
						0,
						0,
						0,
						0,
						109.9983139038086,
						0,
						0,
						200,
						0,
						1,
						0
					]
				]
			},
			"gedung0": {
				"matlok": [
					1,
					0,
					0,
					0,
					0,
					1,
					0,
					0,
					0,
					0,
					1,
					0,
					0,
					0,
					0,
					1
				]
			},
			"b0": {
				"matlok": [
					1,
					0,
					0,
					0,
					0,
					1,
					0,
					0,
					0,
					0,
					1,
					0,
					0,
					0,
					0,
					1
				]
			}
		},
		{
			"rangkagedung0": {
				"matlok": [
					40.638511657714844,
					0,
					5.432173728942871,
					0,
					0,
					90.99999237060547,
					0,
					0,
					-5.432173728942871,
					0,
					40.638511657714844,
					0,
					56.79289627075195,
					-1.1855417490005493,
					40.541664123535156,
					1
				],
				"mat2d": [
					[
						40.99999237060547,
						0,
						0,
						0,
						0,
						90.99999237060547,
						0,
						0,
						0,
						0,
						1,
						0
					],
					[
						40.99999237060547,
						0,
						0,
						0,
						0,
						90.99999237060547,
						0,
						0,
						0,
						0,
						1,
						0
					]
				]
			},
			"gedung0": {
				"matlok": [
					1,
					0,
					0,
					0,
					0,
					1,
					0,
					0,
					0,
					0,
					1,
					0,
					0,
					0,
					0,
					1
				]
			},
			"b0": {
				"matlok": [
					1,
					0,
					0,
					0,
					0,
					1,
					0,
					0,
					0,
					0,
					1,
					0,
					0,
					0,
					0,
					1
				]
			}
		}
	],
	"rangkatanah": [
		{
			"rangkatanah": {
				"matlok": [
					11,
					0,
					0,
					0,
					0,
					4,
					0,
					0,
					0,
					0,
					11,
					0,
					0,
					0,
					0,
					1
				],
				"mat2d": [
					[
						99,
						0,
						0,
						0,
						0,
						99,
						0,
						0,
						54.29999542236328,
						50.39999771118164,
						1,
						0
					],
					[
						77,
						-77,
						3,
						0,
						77,
						77,
						0,
						0,
						0,
						0,
						1,
						0
					],
					[
						99,
						-99,
						-1,
						0,
						99,
						99,
						2.0999999046325684,
						0,
						0,
						0,
						1,
						0
					]
				]
			},
			"tanah": {
				"matlok": [
					1,
					0,
					0,
					0,
					0,
					1,
					0,
					0,
					0,
					0,
					1,
					0,
					0,
					0,
					0,
					1
				]
			},
			"b0": {
				"matlok": [
					1,
					0,
					0,
					0,
					0,
					1,
					0,
					0,
					0,
					0,
					1,
					0,
					0,
					0,
					0,
					1
				]
			}
		}
	]
}